category1,category2,times
Fashion Hoodies & Sweatshirts,Jeans,771
Jeans,Shorts,729
Intimates,Fashion Hoodies & Sweatshirts,724
Sweaters,Jeans,700
Intimates,Dresses,698
Tops & Tees,Jeans,685
Intimates,Swim,653
Tops & Tees,Shorts,652
Intimates,Maternity,651
Intimates,Shorts,647
Intimates,Jeans,631
Fashion Hoodies & Sweatshirts,Shorts,614
Jeans,Underwear,610
Intimates,Tops & Tees,609
Swim,Accessories,600
Jeans,Sleep & Lounge,597
Tops & Tees,Sweaters,588
Sweaters,Shorts,586
Active,Jeans,575
Fashion Hoodies & Sweatshirts,Sleep & Lounge,575
Pants,Underwear,573
Jeans,Pants,568
Tops & Tees,Sleep & Lounge,562
Fashion Hoodies & Sweatshirts,Underwear,562
Fashion Hoodies & Sweatshirts,Outerwear & Coats,557
Jeans,Outerwear & Coats,555
Intimates,Plus,547
Tops & Tees,Outerwear & Coats,544
Fashion Hoodies & Sweatshirts,Active,540
Tops & Tees,Underwear,537
Intimates,Accessories,535
Sweaters,Outerwear & Coats,534
Jeans,Swim,530
Sweaters,Accessories,530
Sweaters,Underwear,527
Fashion Hoodies & Sweatshirts,Sweaters,526
Tops & Tees,Pants,522
Shorts,Underwear,511
Sweaters,Sleep & Lounge,511
Sweaters,Swim,508
Underwear,Swim,503
Active,Shorts,501
Jeans,Socks,501
Shorts,Outerwear & Coats,498
Tops & Tees,Swim,497
Sweaters,Pants,493
Shorts,Sleep & Lounge,492
Tops & Tees,Fashion Hoodies & Sweatshirts,485
Sleep & Lounge,Swim,482
Socks,Underwear,468
Underwear,Accessories,465
Intimates,Active,464
Fashion Hoodies & Sweatshirts,Pants,463
Underwear,Sleep & Lounge,456
Intimates,Outerwear & Coats,456
Intimates,Pants & Capris,450
Pants,Socks,448
Tops & Tees,Socks,445
Intimates,Socks & Hosiery,445
Tops & Tees,Active,443
Intimates,Blazers & Jackets,443
Pants,Shorts,437
Sleep & Lounge,Accessories,432
Tops & Tees,Accessories,431
Outerwear & Coats,Underwear,430
Active,Sleep & Lounge,429
Sweaters,Socks,428
Jeans,Accessories,428
Outerwear & Coats,Sleep & Lounge,426
Fashion Hoodies & Sweatshirts,Accessories,425
Pants,Swim,425
Pants,Accessories,424
Suits & Sport Coats,Jeans,420
Intimates,Leggings,420
Fashion Hoodies & Sweatshirts,Swim,415
Pants,Sleep & Lounge,414
Intimates,Sweaters,414
Active,Sweaters,407
Fashion Hoodies & Sweatshirts,Socks,406
Socks,Sleep & Lounge,402
Socks,Swim,401
Shorts,Swim,401
Pants,Outerwear & Coats,399
Active,Outerwear & Coats,392
Active,Underwear,389
Active,Pants,383
Tops & Tees,Suits & Sport Coats,383
Suits & Sport Coats,Underwear,372
Shorts,Socks,365
Shorts,Accessories,363
Intimates,Sleep & Lounge,359
Outerwear & Coats,Socks,356
Outerwear & Coats,Swim,356
Suits & Sport Coats,Pants,349
Active,Socks,347
Sweaters,Suits & Sport Coats,345
Fashion Hoodies & Sweatshirts,Suits & Sport Coats,345
Socks,Accessories,342
Suits & Sport Coats,Swim,342
Suits & Sport Coats,Socks,338
Active,Swim,330
Suits & Sport Coats,Sleep & Lounge,326
Suits & Sport Coats,Shorts,314
Outerwear & Coats,Accessories,301
Intimates,Skirts,290
Suits & Sport Coats,Accessories,289
Active,Accessories,288
Maternity,Dresses,285
Active,Suits & Sport Coats,284
Fashion Hoodies & Sweatshirts,Dresses,279
Swim,Dresses,271
Suits & Sport Coats,Outerwear & Coats,263
Maternity,Fashion Hoodies & Sweatshirts,256
Dresses,Shorts,256
Dresses,Jeans,255
Sleep & Lounge,Intimates,253
Swim,Fashion Hoodies & Sweatshirts,249
Swim,Jeans,246
Swim,Shorts,239
Accessories,Dresses,234
Maternity,Jeans,227
Swim,Maternity,225
Accessories,Fashion Hoodies & Sweatshirts,224
Plus,Dresses,222
Accessories,Maternity,222
Plus,Fashion Hoodies & Sweatshirts,221
Maternity,Shorts,219
Maternity,Active,215
Accessories,Plus,209
Dresses,Socks & Hosiery,207
Active,Dresses,203
Plus,Jeans,203
Maternity,Tops & Tees,202
Swim,Tops & Tees,200
Accessories,Jeans,194
Accessories,Tops & Tees,189
Fashion Hoodies & Sweatshirts,Socks & Hosiery,189
Swim,Plus,188
Jeans,Pants & Capris,186
Accessories,Shorts,186
Dresses,Pants & Capris,185
Swim,Blazers & Jackets,183
Fashion Hoodies & Sweatshirts,Blazers & Jackets,182
Maternity,Socks & Hosiery,182
Jeans,Socks & Hosiery,180
Fashion Hoodies & Sweatshirts,Tops & Tees,180
Dresses,Leggings,178
Maternity,Outerwear & Coats,178
Swim,Active,177
Dresses,Blazers & Jackets,174
Plus,Tops & Tees,172
Shorts,Socks & Hosiery,172
Accessories,Active,170
Maternity,Plus,168
Swim,Leggings,167
Swim,Outerwear & Coats,167
Fashion Hoodies & Sweatshirts,Pants & Capris,167
Swim,Pants & Capris,167
Sweaters,Fashion Hoodies & Sweatshirts,167
Tops & Tees,Socks & Hosiery,166
Plus,Shorts,166
Accessories,Outerwear & Coats,165
Swim,Socks & Hosiery,163
Maternity,Blazers & Jackets,162
Accessories,Pants & Capris,159
Plus,Pants & Capris,159
Dresses,Tops & Tees,158
Fashion Hoodies & Sweatshirts,Leggings,156
Dresses,Outerwear & Coats,155
Accessories,Socks & Hosiery,154
Maternity,Leggings,154
Shorts,Blazers & Jackets,154
Sweaters,Dresses,152
Jeans,Blazers & Jackets,150
Plus,Outerwear & Coats,149
Maternity,Pants & Capris,148
Accessories,Blazers & Jackets,147
Sweaters,Socks & Hosiery,146
Pants & Capris,Shorts,145
Plus,Blazers & Jackets,144
Plus,Active,143
Tops & Tees,Blazers & Jackets,141
Active,Pants & Capris,140
Plus,Socks & Hosiery,139
Leggings,Shorts,138
Intimates,Suits,137
Jeans,Leggings,136
Sweaters,Plus,133
Active,Socks & Hosiery,132
Pants & Capris,Socks & Hosiery,131
Plus,Leggings,131
Sweaters,Tops & Tees,130
Swim,Skirts,129
Outerwear & Coats,Socks & Hosiery,129
Swim,Sleep & Lounge,128
Swim,Sweaters,128
Dresses,Sleep & Lounge,127
Accessories,Sleep & Lounge,126
Sweaters,Active,126
Maternity,Sleep & Lounge,126
Pants & Capris,Outerwear & Coats,125
Sweaters,Maternity,125
Accessories,Leggings,123
Pants & Capris,Blazers & Jackets,117
Jeans,Tops & Tees,116
Active,Blazers & Jackets,116
Dresses,Skirts,113
Active,Tops & Tees,113
Active,Leggings,111
Sleep & Lounge,Dresses,110
Intimates,Jumpsuits & Rompers,110
Leggings,Outerwear & Coats,110
Blazers & Jackets,Socks & Hosiery,109
Tops & Tees,Pants & Capris,108
Plus,Sleep & Lounge,106
Blazers & Jackets,Outerwear & Coats,105
Sweaters,Pants & Capris,105
Sweaters,Intimates,102
Leggings,Socks & Hosiery,101
Plus,Skirts,100
Sweaters,Blazers & Jackets,100
Maternity,Skirts,100
Jeans,Skirts,99
Sleep & Lounge,Fashion Hoodies & Sweatshirts,96
Fashion Hoodies & Sweatshirts,Skirts,95
Pants & Capris,Leggings,95
Tops & Tees,Leggings,95
Sleep & Lounge,Maternity,92
Accessories,Skirts,91
Sleep & Lounge,Jeans,91
Shorts,Skirts,90
Leggings,Blazers & Jackets,90
Leggings,Sleep & Lounge,86
Skirts,Socks & Hosiery,85
Socks & Hosiery,Sleep & Lounge,84
Sleep & Lounge,Sweaters,84
Pants & Capris,Skirts,82
Tops & Tees,Dresses,82
Sweaters,Leggings,81
Maternity,Sweaters,81
Pants & Capris,Sleep & Lounge,81
Active,Skirts,79
Skirts,Outerwear & Coats,79
Dresses,Sweaters,78
Sleep & Lounge,Plus,78
Sleep & Lounge,Shorts,77
Sleep & Lounge,Tops & Tees,76
Tops & Tees,Skirts,75
Skirts,Blazers & Jackets,75
Blazers & Jackets,Sleep & Lounge,74
Sleep & Lounge,Outerwear & Coats,72
Accessories,Sweaters,71
Sleep & Lounge,Active,71
Leggings,Skirts,70
Sleep & Lounge,Pants & Capris,70
Jeans,Sweaters,69
Sleep & Lounge,Socks & Hosiery,68
Sweaters,Skirts,68
Pants & Capris,Tops & Tees,66
Sleep & Lounge,Leggings,64
Dresses,Suits,62
Sleep & Lounge,Blazers & Jackets,60
Accessories,Suits,60
Dresses,Jumpsuits & Rompers,57
Swim,Suits,55
Fashion Hoodies & Sweatshirts,Suits,54
Jeans,Suits,54
Active,Suits,53
Sleep & Lounge,Skirts,51
Swim,Jumpsuits & Rompers,50
Skirts,Sleep & Lounge,49
Shorts,Tops & Tees,49
Plus,Sweaters,49
Maternity,Suits,47
Shorts,Sweaters,47
Jumpsuits & Rompers,Shorts,44
Plus,Jumpsuits & Rompers,44
Plus,Suits,44
Suits,Socks & Hosiery,44
Fashion Hoodies & Sweatshirts,Jumpsuits & Rompers,44
Leggings,Tops & Tees,43
Shorts,Suits,42
Jumpsuits & Rompers,Jeans,42
Leggings,Sweaters,41
Suits,Outerwear & Coats,41
Pants & Capris,Suits,41
Blazers & Jackets,Suits,40
Pants & Capris,Sweaters,38
Active,Jumpsuits & Rompers,36
Tops & Tees,Suits,36
Jumpsuits & Rompers,Socks & Hosiery,35
Maternity,Jumpsuits & Rompers,34
Sweaters,Suits,34
Accessories,Jumpsuits & Rompers,33
Blazers & Jackets,Sweaters,33
Outerwear & Coats,Sweaters,30
Leggings,Suits,28
Jumpsuits & Rompers,Leggings,27
Sweaters,Jumpsuits & Rompers,27
Jumpsuits & Rompers,Pants & Capris,27
Skirts,Suits,26
Socks & Hosiery,Sweaters,25
Jumpsuits & Rompers,Outerwear & Coats,25
Suits,Sleep & Lounge,24
Sleep & Lounge,Suits,22
Jumpsuits & Rompers,Blazers & Jackets,22
Tops & Tees,Jumpsuits & Rompers,21
Jumpsuits & Rompers,Skirts,19
Sleep & Lounge,Jumpsuits & Rompers,18
Jumpsuits & Rompers,Tops & Tees,18
Skirts,Sweaters,18
Jumpsuits & Rompers,Sleep & Lounge,17
Intimates,Clothing Sets,17
Skirts,Tops & Tees,14
Jumpsuits & Rompers,Sweaters,14
Tops & Tees,Plus,13
Suits,Sweaters,13
Shorts,Clothing Sets,12
Tops & Tees,Maternity,12
Fashion Hoodies & Sweatshirts,Clothing Sets,12
Tops & Tees,Intimates,11
Maternity,Clothing Sets,10
Swim,Clothing Sets,9
Plus,Clothing Sets,9
Active,Clothing Sets,9
Clothing Sets,Socks & Hosiery,9
Fashion Hoodies & Sweatshirts,Plus,9
Jumpsuits & Rompers,Suits,8
Accessories,Clothing Sets,8
Blazers & Jackets,Clothing Sets,8
Tops & Tees,Clothing Sets,8
Dresses,Clothing Sets,6
Sweaters,Clothing Sets,6
Blazers & Jackets,Tops & Tees,6
Leggings,Clothing Sets,6
Jeans,Clothing Sets,6
Clothing Sets,Outerwear & Coats,5
Outerwear & Coats,Tops & Tees,4
Pants & Capris,Clothing Sets,4
Clothing Sets,Sleep & Lounge,3
Sleep & Lounge,Clothing Sets,3
Skirts,Clothing Sets,3
Clothing Sets,Sweaters,2
Socks & Hosiery,Tops & Tees,2
Jumpsuits & Rompers,Clothing Sets,1
Clothing Sets,Suits,1
